Workbook

Sheet YÜKLEME
A1: PREFABRİK BİNA MALZEMELERİ | F1: YÜKLEME LİSTESİ
A3: 3+1 EL ÇİZİMİ / dış ölçü 1150 × 1050 cm / duvar yüksekliği 280 cm / dış 160 mm, iç 100 mm / verandasız, beşik çatı
A4: 06.10.2026 — İş Emri PM-DENEME-3ARTI1-1150x1050 r01. Tek bina. Kapılı ve pencereli panolar tek pano; doğramalar ayrıca sayılır. TASLAK: üretim ve sevkiyat listesi değildir.
A6: Sıra | B6: Kod | C6: Malzeme | D6: Ölçü (mm) | E6: Adet | F6: Birim | G6: Dayanak | H6: Açıklama
A7: Dış duvar panoları (160 mm)
A8: 1 | B8: D09 | C8: Dolu pano | D8: 1255 × 160 × 2800 | E8: =COUNTIF(Sayım!$A$5:$A$94,"D09") -> 23 | F8: adet | G8: Sayım
A9: 2 | B9: D10 | C9: 120×180 pencereli pano | D9: 1255 × 160 × 2800 | E9: =COUNTIF(Sayım!$A$5:$A$94,"D10") -> 3 | F9: adet | G9: Sayım | H9: Pencere ayrı kalem. Gerçek listelerde üst panel (h 800) + alt panel (h 200) diye yazılır.
A10: 3 | B10: D11 | C10: Dış kapılı pano | D10: 1255 × 160 × 2800 | E10: =COUNTIF(Sayım!$A$5:$A$94,"D11") -> 1 | F10: adet | G10: Sayım | H10: Kapı ayrı kalem; pano tek parça sayıldı.
A11: 4 | B11: D12 | C11: Özel dolu pano | D11: 1140 × 160 × 2800 | E11: =COUNTIF(Sayım!$A$5:$A$94,"D12") -> 2 | F11: adet | G11: Sayım | H11: Ölçüye kesim: cephenin son panosu.
A12: 5 | B12: D13 | C12: 120×120 pencereli pano | D12: 1255 × 160 × 2800 | E12: =COUNTIF(Sayım!$A$5:$A$94,"D13") -> 3 | F12: adet | G12: Sayım | H12: Pencere ayrı kalem. Gerçek listelerde üst panel (h 800) + alt panel (h 800) diye yazılır.
A13: 6 | B13: D14 | C13: Özel dolu pano | D13: 300 × 160 × 2800 | E13: =COUNTIF(Sayım!$A$5:$A$94,"D14") -> 2 | F13: adet | G13: Sayım | H13: Ölçüye kesim: cephenin son panosu. DAR PARÇA: böyle mi üretilecek, komşu panoyla mı paylaştırılacak (açık konu 1).
A14: 7 | B14: D15 | C14: 60×40 vasistaslı pano | D14: 1255 × 160 × 2800 | E14: =COUNTIF(Sayım!$A$5:$A$94,"D15") -> 2 | F14: adet | G14: Sayım | H14: Vasistas ayrı kalem. Gerçek listelerde oyma panel diye yazılır.
A15: İç duvar panoları (100 mm)
A16: 8 | B16: I12 | C16: Özel dolu pano | D16: 1205 × 100 × 2800 | E16: =COUNTIF(Sayım!$A$5:$A$94,"I12") -> 3 | F16: adet | G16: Sayım | H16: Birleşimde duvar yüzüne dayanan ya da ölçüye kesilen pano; boy çizimdeki net boydur.
A17: 9 | B17: I13 | C17: Özel dolu pano | D17: 512,5 × 100 × 2800 | E17: =COUNTIF(Sayım!$A$5:$A$94,"I13") -> 2 | F17: adet | G17: Sayım | H17: Birleşimde duvar yüzüne dayanan ya da ölçüye kesilen pano; boy çizimdeki net boydur.
A18: 10 | B18: I14 | C18: Dolu pano | D18: 1255 × 100 × 2800 | E18: =COUNTIF(Sayım!$A$5:$A$94,"I14") -> 11 | F18: adet | G18: Sayım
A19: 11 | B19: I15 | C19: İç kapılı pano | D19: 1255 × 100 × 2800 | E19: =COUNTIF(Sayım!$A$5:$A$94,"I15") -> 5 | F19: adet | G19: Sayım | H19: Kapı ayrı kalem; pano tek parça sayıldı.
A20: 12 | B20: I16 | C20: Özel dolu pano | D20: 577,5 × 100 × 2800 | E20: =COUNTIF(Sayım!$A$5:$A$94,"I16") -> 3 | F20: adet | G20: Sayım | H20: Birleşimde duvar yüzüne dayanan ya da ölçüye kesilen pano; boy çizimdeki net boydur.
A21: 13 | B21: I17 | C21: Özel dolu pano | D21: 627,5 × 100 × 2800 | E21: =COUNTIF(Sayım!$A$5:$A$94,"I17") -> 2 | F21: adet | G21: Sayım | H21: Birleşimde duvar yüzüne dayanan ya da ölçüye kesilen pano; boy çizimdeki net boydur.
A22: 14 | B22: I18 | C22: Özel dolu pano | D22: 1175 × 100 × 2800 | E22: =COUNTIF(Sayım!$A$5:$A$94,"I18") -> 2 | F22: adet | G22: Sayım | H22: Birleşimde duvar yüzüne dayanan ya da ölçüye kesilen pano; boy çizimdeki net boydur.
A23: 15 | B23: I19 | C23: Özel dolu pano | D23: 220 × 100 × 2800 | E23: =COUNTIF(Sayım!$A$5:$A$94,"I19") -> 2 | F23: adet | G23: Sayım | H23: Birleşimde duvar yüzüne dayanan ya da ölçüye kesilen pano; boy çizimdeki net boydur. DAR PARÇA: böyle mi üretilecek, komşu panoyla mı paylaştırılacak (açık konu 1).
A24: Kapı ve pencereler
A25: 16 | B25: P01 | C25: Pencere 120×120 | D25: 1200 × 1200 | E25: =COUNTIF(Sayım!$A$5:$A$94,"P01") -> 3 | F25: adet | G25: Sayım | H25: Ölçü en × yükseklik; eşik 800 mm.
A26: 17 | B26: P02 | C26: Pencere 120×180 | D26: 1200 × 1800 | E26: =COUNTIF(Sayım!$A$5:$A$94,"P02") -> 3 | F26: adet | G26: Sayım | H26: Ölçü en × yükseklik; eşik 200 mm.
A27: 18 | B27: P03 | C27: Vasistas 60×40 | D27: 600 × 400 | E27: =COUNTIF(Sayım!$A$5:$A$94,"P03") -> 2 | F27: adet | G27: Sayım | H27: Ölçü en × yükseklik; eşik 1600 mm.
A28: 19 | B28: K01 | C28: İç kapı | D28: Açıklık 820 | E28: =COUNTIF(Sayım!$A$5:$A$94,"K01") -> 5 | F28: adet | G28: Sayım | H28: 820 mm plandaki açıklıktır; ürün eni/boyu ve açılış yönü siparişte teyit edilmeli.
A29: 20 | B29: K03 | C29: Dış kapı 90 | D29: Açıklık 900 | E29: =COUNTIF(Sayım!$A$5:$A$94,"K03") -> 1 | F29: adet | G29: Sayım | H29: 900 mm plandaki açıklıktır; ürün ölçüsü siparişte teyit edilmeli.
A30: 21 | B30: — | C30: Pencere kör kasası 120/180 | D30: 1200 × 1800 | E30: =Metraj!B38 -> 3 | F30: adet | G30: Liste kuralı | H30: P6001 gerçek listesinde yalnız 120/180 pencerelerde. Teyit bekliyor.
A31: Bağlantı profilleri ve alt çerçeve
A32: 22 | B32: B02 | C32: 100×50 köşe bağlantısı | D32: 50 × 100 | E32: =COUNTIF(Sayım!$A$5:$A$94,"B02") -> 2 | F32: adet | G32: Çıkarım | H32: Adet plandan sayıldı. Kesit 160 / 100 mm duvar için çıkarım; profil ve kesim boyu mühendis teyidi bekliyor.
A33: 23 | B33: B05 | C33: Üçlü H bağlantı 100 | D33: 100 | E33: =COUNTIF(Sayım!$A$5:$A$94,"B05") -> 4 | F33: adet | G33: Çıkarım | H33: Adet plandan sayıldı. Kesit 160 / 100 mm duvar için çıkarım; profil ve kesim boyu mühendis teyidi bekliyor.
A34: 24 | B34: B06 | C34: 160×80 köşe bağlantısı | D34: 80 × 160 | E34: =COUNTIF(Sayım!$A$5:$A$94,"B06") -> 4 | F34: adet | G34: Çıkarım | H34: Adet plandan sayıldı. Kesit 160 / 100 mm duvar için çıkarım; profil ve kesim boyu mühendis teyidi bekliyor.
A35: 25 | B35: — | C35: 2'li H profil, dış pano eki (160'lık) | D35: L 2800 | E35: =Metraj!B34 -> 32 | F35: adet | G35: Liste kuralı | H35: Her cephede pano adedi − 1. P6001 gerçek listesinde tutuyor (19). Kulaklı / dübelli ayrımının kuralı yok.
A36: 26 | B36: — | C36: 2'li H profil, iç pano eki (100'lük) | D36: L 2800 | E36: =Metraj!B35 -> 19 | F36: adet | G36: Liste kuralı | H36: İç ekler − üçlü H'nin yerini aldığı ekler. P6001 gerçek listesinde tutuyor (5).
A37: 27 | B37: — | C37: Alt çerçeve, dış duvar (160'lık) | D37: L 3750 | E37: =Metraj!B36 -> 12 | F37: adet | G37: Liste kuralı | H37: Dış duvar boyu ÷ 3,75 m. P6001 gerçek listesinde tutuyor (9).
A38: 28 | B38: — | C38: Alt çerçeve, iç duvar (100'lük) | D38: L 3750 | E38: =Metraj!B37 -> 9 | F38: adet | G38: Liste kuralı | H38: İç duvar boyu ÷ 3,75 m. P6001 gerçek listesinde tutuyor (3).
A39: Çatı (beşik, %33; makaslar kısa kenarı geçer)
A40: 29 | B40: — | C40: Baş makas | D40: açıklık 10500 | E40: =Metraj!B40 -> 2 | F40: adet | G40: Liste kuralı | H40: Kalkan duvarların üstünde. Makas boyu ve kesiti mühendisten.
A41: 30 | B41: — | C41: Orta makas | D41: açıklık 10500 | E41: =Metraj!B41 -> 8 | F41: adet | G41: Liste kuralı | H41: Pano akslarında (kesilen panoda aralık kısalır). P6001 gerçek listesinde tutuyor (5).
A42: 31 | B42: — | C42: Çatı kaplaması, tek kat panel | D42: =CONCATENATE("L ",ROUNDUP(Metraj!B46*100,0)*10) -> L 5900 | E42: =Metraj!B45 -> 26 | F42: adet | G42: Kural | H42: Kapatma 100 cm (Lokman, 4 Ekim); boy eğimli boy + 5 cm taşma. Her yüzde mahya boyu ÷ kapatma genişliği.
A43: 32 | B43: — | C43: Mahya | D43: L 2800 | E43: =Metraj!B47 -> 5 | F43: adet | G43: Kural | H43: 30 cm bindirme (Lokman, 3 Ekim). P6001 gerçek listesinde bu kural 4 verir, liste 3: bindirme teyit edilmeli.
A44: 33 | B44: — | C44: Saçak sacı | D44: L 2800 | E44: =Metraj!B48 -> 10 | F44: adet | G44: Kural | H44: İki saçak kenarı, 30 cm bindirme. P6001 gerçek listesinde tutuyor (7).
A45: 34 | B45: — | C45: Alın sacı | D45: L 2800 | E45: =Metraj!B49 -> 10 | F45: adet | G45: Kural | H45: Dört kalkan kenarı, 30 cm bindirme. P6001 gerçek listesinde tutuyor (8).
A46: 35 | B46: — | C46: Omega aşık | D46: L 3750 | E46: =Metraj!B51 -> 68 | F46: adet | G46: Liste kuralı | H46: 60 cm aralık, %5 zayiat. P6001 gerçek listesinde tutuyor (37). Zayiat payı teyit bekliyor.
A47: 36 | B47: — | C47: Çatı şiltesi | D47: 9,6 m²/adet | E47: =Metraj!B55 -> 13 | F47: adet | G47: Liste kuralı | H47: Brüt alan ÷ 9,6. P6001 gerçek listesinde tutuyor (7).
A48: Tavan
A49: 37 | B49: — | C49: Tavan alçıpanı | D49: 12 × 1200 × 2500 | E49: =Metraj!B54 -> 41 | F49: adet | G49: Liste kuralı | H49: Brüt alan ÷ 3 m². P6001 gerçek listesinde tutuyor (20). Beyaz–yeşil ayrımı ve tavan H'ı için kural yok.
A50: Dere
A51: 38 | B51: — | C51: Metal dere | D51: L 4000 | E51: =Metraj!B57 -> 7 | F51: adet | G51: Çıkarım | H51: Çelik listelerinin kuralı (÷ 3,8). Prefabrik pakette dere var mı, teyit.
A52: 39 | B52: — | C52: Dere kelepçesi | E52: =Metraj!B59 -> 56 | F52: adet | G52: Çıkarım | H52: Dere adedi × 8.
A53: 40 | B53: — | C53: İniş borusu | D53: L 3000 | E53: =Metraj!B58 -> 6 | F53: adet | G53: Çıkarım | H53: Dört köşe + 10 m'den uzun iki saçak cephesinin ortası (Lokman, 3 Ekim; çelik).
A54: 41 | B54: — | C54: İniş aparatı | E54: =Metraj!B58 -> 6 | F54: adet | G54: Çıkarım | H54: İniş başına 1.
A55: 42 | B55: — | C55: Kapalı dirsek | E55: =Metraj!B58 -> 6 | F55: adet | G55: Çıkarım | H55: İniş başına 1.
A56: 43 | B56: — | C56: Açık dirsek | E56: =Metraj!B60 -> 12 | F56: adet | G56: Çıkarım | H56: İniş başına 2.
A57: 44 | B57: — | C57: İniş kelepçesi | E57: =Metraj!B61 -> 12 | F57: adet | G57: Çıkarım | H57: İniş başına 2.
A59: TOPLAM DUVAR PANOSU | E59: =E8+E9+E10+E11+E12+E13+E14+E16+E17+E18+E19+E20+E21+E22+E23 -> 66 | F59: adet | H59: =IF(E59=COUNTIF(Sayım!$C$5:$C$94,"Dış pano")+COUNTIF(Sayım!$C$5:$C$94,"İç pano"),"Sayım sayfasındaki pano satırlarıyla aynı.","UYARI: Sayım sayfasıyla tutmuyor.") -> Sayım sayfasındaki pano satırlarıyla aynı.
A61: Pano ölçüsü: boy × kalınlık × yükseklik. Pencereler: en × yükseklik. Ölçüler mm.
A62: Dayanak — Sayım: modelden sayıldı (DXF ve IFC ile aynı). Kural: Lokman'ın ya da mühendisin söylediği kural. Liste kuralı (sarı): P6001'in gerçek yükleme listesinden çıkarıldı, o listede tutuyor, teyit bekliyor. Çıkarım (turuncu): başka sistemin kuralı ya da kesit varsayımı.
A63: Adetlerin hepsi formüldür: sayılanlar Sayım sayfasından, türetilenler Metraj sayfasından gelir. Metraj'da her kuralın P6001 gerçek listesiyle sağlaması var.
A64: Bu listede olmayanlar Açık konular sayfasında: çektirme U'su, duvar ve saçak omegası, pencere U'su, tavan H'ı, dış–iç üçlü H, vida, elektrik, tesisat, boya.

Sheet Sayım
A1: MODELDEN ALINAN SAYIM — her satır bir eleman
A2: Kaynak: İş Emri PM-DENEME-3ARTI1-1150x1050 r01; Motor deneme kopyasının planı (DXF ve IFC ile aynı). Koordinatlar sol-ön dış köşeden, cm. Sıra kodu görünüş paftasındaki pano numarasıdır (cephede bakana göre soldan sağa).
A4: Kod | B4: Eleman | C4: Tür | D4: Duvar | E4: Sıra (pafta kodu) | F4: Boy / en (mm) | G4: Kalınlık (mm) | H4: Yükseklik (mm) | I4: Açıklık | J4: Merkez X (cm) | K4: Merkez Y (cm) | L4: IFC adı
A5: D09 | B5: Dolu pano | C5: Dış pano | D5: Ön cephe | E5: Ö1 | F5: 1255 | G5: 160 | H5: 2800 | J5: 78.75 | K5: 8 | L5: PANO_D_TAM_125.5_00
A6: D10 | B6: 120×180 pencereli pano | C6: Dış pano | D6: Ön cephe | E6: Ö2 | F6: 1255 | G6: 160 | H6: 2800 | I6: pencere 120×180 | J6: 204.25 | K6: 8 | L6: PANO_D_TAM_125.5_01
A7: P02 | B7: Pencere 120×180 | C7: Pencere | D7: Ön cephe | E7: Ö2 | F7: 1200 | H7: 1800 | I7: pencere 120×180 | J7: 204.25 | K7: 8
A8: D10 | B8: 120×180 pencereli pano | C8: Dış pano | D8: Ön cephe | E8: Ö3 | F8: 1255 | G8: 160 | H8: 2800 | I8: pencere 120×180 | J8: 329.75 | K8: 8 | L8: PANO_D_TAM_125.5_02
A9: P02 | B9: Pencere 120×180 | C9: Pencere | D9: Ön cephe | E9: Ö3 | F9: 1200 | H9: 1800 | I9: pencere 120×180 | J9: 329.75 | K9: 8
A10: D11 | B10: Dış kapılı pano | C10: Dış pano | D10: Ön cephe | E10: Ö4 | F10: 1255 | G10: 160 | H10: 2800 | I10: dış kapı 90 | J10: 455.25 | K10: 8 | L10: PANO_D_TAM_125.5_03
A11: K03 | B11: Dış kapı 90 | C11: Kapı | D11: Ön cephe | E11: Ö4 | F11: 900 | I11: dış kapı 90 | J11: 455.25 | K11: 8
A12: D09 | B12: Dolu pano | C12: Dış pano | D12: Ön cephe | E12: Ö5 | F12: 1255 | G12: 160 | H12: 2800 | J12: 580.75 | K12: 8 | L12: PANO_D_TAM_125.5_04
A13: D09 | B13: Dolu pano | C13: Dış pano | D13: Ön cephe | E13: Ö6 | F13: 1255 | G13: 160 | H13: 2800 | J13: 706.25 | K13: 8 | L13: PANO_D_TAM_125.5_05
A14: D10 | B14: 120×180 pencereli pano | C14: Dış pano | D14: Ön cephe | E14: Ö7 | F14: 1255 | G14: 160 | H14: 2800 | I14: pencere 120×180 | J14: 831.75 | K14: 8 | L14: PANO_D_TAM_125.5_06
A15: P02 | B15: Pencere 120×180 | C15: Pencere | D15: Ön cephe | E15: Ö7 | F15: 1200 | H15: 1800 | I15: pencere 120×180 | J15: 831.75 | K15: 8
A16: D09 | B16: Dolu pano | C16: Dış pano | D16: Ön cephe | E16: Ö8 | F16: 1255 | G16: 160 | H16: 2800 | J16: 957.25 | K16: 8 | L16: PANO_D_TAM_125.5_07
A17: D12 | B17: Özel dolu pano | C17: Dış pano | D17: Ön cephe | E17: Ö9 | F17: 1140 | G17: 160 | H17: 2800 | J17: 1077 | K17: 8 | L17: PANO_D_OZEL_114.0_08
A18: I12 | B18: Özel dolu pano | C18: İç pano | D18: İç duvar 1 (y = 321.75 cm, soldan sağa) | E18: İ1-1 | F18: 1205 | G18: 100 | H18: 2800 | J18: 1022.5 | K18: 321.75 | L18: PANO_I_OZEL_120.5_09
A19: I13 | B19: Özel dolu pano | C19: İç pano | D19: İç duvar 1 (y = 321.75 cm, soldan sağa) | E19: İ1-2 | F19: 512.5 | G19: 100 | H19: 2800 | J19: 1108.38 | K19: 321.75 | L19: PANO_I_OZEL_51.2_10
A20: I14 | B20: Dolu pano | C20: İç pano | D20: İç duvar 2 (y = 447.25 cm, soldan sağa) | E20: İ2-1 | F20: 1255 | G20: 100 | H20: 2800 | J20: 580.75 | K20: 447.25 | L20: PANO_I_TAM_125.5_11
A21: I15 | B21: İç kapılı pano | C21: İç pano | D21: İç duvar 2 (y = 447.25 cm, soldan sağa) | E21: İ2-2 | F21: 1255 | G21: 100 | H21: 2800 | I21: iç kapı 82 | J21: 706.25 | K21: 447.25 | L21: PANO_I_TAM_125.5_12
A22: K01 | B22: İç kapı | C22: Kapı | D22: İç duvar 2 (y = 447.25 cm, soldan sağa) | E22: İ2-2 | F22: 820 | I22: iç kapı 82 | J22: 706.25 | K22: 447.25
A23: I14 | B23: Dolu pano | C23: İç pano | D23: İç duvar 2 (y = 447.25 cm, soldan sağa) | E23: İ2-3 | F23: 1255 | G23: 100 | H23: 2800 | J23: 831.75 | K23: 447.25 | L23: PANO_I_TAM_125.5_13
A24: I16 | B24: Özel dolu pano | C24: İç pano | D24: İç duvar 2 (y = 447.25 cm, soldan sağa) | E24: İ2-4 | F24: 577.5 | G24: 100 | H24: 2800 | J24: 923.38 | K24: 447.25 | L24: PANO_I_OZEL_57.8_14
A25: I14 | B25: Dolu pano | C25: İç pano | D25: İç duvar 3 (y = 635.5 cm, soldan sağa) | E25: İ3-1 | F25: 1255 | G25: 100 | H25: 2800 | J25: 580.75 | K25: 635.5 | L25: PANO_I_TAM_125.5_15
A26: I15 | B26: İç kapılı pano | C26: İç pano | D26: İç duvar 3 (y = 635.5 cm, soldan sağa) | E26: İ3-2 | F26: 1255 | G26: 100 | H26: 2800 | I26: iç kapı 82 | J26: 706.25 | K26: 635.5 | L26: PANO_I_TAM_125.5_16
A27: K01 | B27: İç kapı | C27: Kapı | D27: İç duvar 3 (y = 635.5 cm, soldan sağa) | E27: İ3-2 | F27: 820 | I27: iç kapı 82 | J27: 706.25 | K27: 635.5
A28: I17 | B28: Özel dolu pano | C28: İç pano | D28: İç duvar 3 (y = 635.5 cm, soldan sağa) | E28: İ3-3 | F28: 627.5 | G28: 100 | H28: 2800 | J28: 800.38 | K28: 635.5 | L28: PANO_I_YARIM_62.8_17
A29: I15 | B29: İç kapılı pano | C29: İç pano | D29: İç duvar 3 (y = 635.5 cm, soldan sağa) | E29: İ3-4 | F29: 1255 | G29: 100 | H29: 2800 | I29: iç kapı 82 | J29: 894.5 | K29: 635.5 | L29: PANO_I_TAM_125.5_18
A30: K01 | B30: İç kapı | C30: Kapı | D30: İç duvar 3 (y = 635.5 cm, soldan sağa) | E30: İ3-4 | F30: 820 | I30: iç kapı 82 | J30: 894.5 | K30: 635.5
A31: I14 | B31: Dolu pano | C31: İç pano | D31: İç duvar 3 (y = 635.5 cm, soldan sağa) | E31: İ3-5 | F31: 1255 | G31: 100 | H31: 2800 | J31: 1020 | K31: 635.5 | L31: PANO_I_TAM_125.5_19
A32: I13 | B32: Özel dolu pano | C32: İç pano | D32: İç duvar 3 (y = 635.5 cm, soldan sağa) | E32: İ3-6 | F32: 512.5 | G32: 100 | H32: 2800 | J32: 1108.38 | K32: 635.5 | L32: PANO_I_OZEL_51.2_20
A33: D09 | B33: Dolu pano | C33: Dış pano | D33: Arka cephe | E33: A9 | F33: 1255 | G33: 160 | H33: 2800 | J33: 78.75 | K33: 1042 | L33: PANO_D_TAM_125.5_21
A34: D13 | B34: 120×120 pencereli pano | C34: Dış pano | D34: Arka cephe | E34: A8 | F34: 1255 | G34: 160 | H34: 2800 | I34: pencere 120×120 | J34: 204.25 | K34: 1042 | L34: PANO_D_TAM_125.5_22
A35: P01 | B35: Pencere 120×120 | C35: Pencere | D35: Arka cephe | E35: A8 | F35: 1200 | H35: 1200 | I35: pencere 120×120 | J35: 204.25 | K35: 1042
A36: D09 | B36: Dolu pano | C36: Dış pano | D36: Arka cephe | E36: A7 | F36: 1255 | G36: 160 | H36: 2800 | J36: 329.75 | K36: 1042 | L36: PANO_D_TAM_125.5_23
A37: D09 | B37: Dolu pano | C37: Dış pano | D37: Arka cephe | E37: A6 | F37: 1255 | G37: 160 | H37: 2800 | J37: 455.25 | K37: 1042 | L37: PANO_D_TAM_125.5_24
A38: D09 | B38: Dolu pano | C38: Dış pano | D38: Arka cephe | E38: A5 | F38: 1255 | G38: 160 | H38: 2800 | J38: 580.75 | K38: 1042 | L38: PANO_D_TAM_125.5_25
A39: D13 | B39: 120×120 pencereli pano | C39: Dış pano | D39: Arka cephe | E39: A4 | F39: 1255 | G39: 160 | H39: 2800 | I39: pencere 120×120 | J39: 706.25 | K39: 1042 | L39: PANO_D_TAM_125.5_26
A40: P01 | B40: Pencere 120×120 | C40: Pencere | D40: Arka cephe | E40: A4 | F40: 1200 | H40: 1200 | I40: pencere 120×120 | J40: 706.25 | K40: 1042
A41: D09 | B41: Dolu pano | C41: Dış pano | D41: Arka cephe | E41: A3 | F41: 1255 | G41: 160 | H41: 2800 | J41: 831.75 | K41: 1042 | L41: PANO_D_TAM_125.5_27
A42: D13 | B42: 120×120 pencereli pano | C42: Dış pano | D42: Arka cephe | E42: A2 | F42: 1255 | G42: 160 | H42: 2800 | I42: pencere 120×120 | J42: 957.25 | K42: 1042 | L42: PANO_D_TAM_125.5_28
A43: P01 | B43: Pencere 120×120 | C43: Pencere | D43: Arka cephe | E43: A2 | F43: 1200 | H43: 1200 | I43: pencere 120×120 | J43: 957.25 | K43: 1042
A44: D12 | B44: Özel dolu pano | C44: Dış pano | D44: Arka cephe | E44: A1 | F44: 1140 | G44: 160 | H44: 2800 | J44: 1077 | K44: 1042 | L44: PANO_D_OZEL_114.0_29
A45: D09 | B45: Dolu pano | C45: Dış pano | D45: Sol cephe | E45: SL9 | F45: 1255 | G45: 160 | H45: 2800 | J45: 8 | K45: 70.75 | L45: PANO_D_TAM_125.5_30
A46: D09 | B46: Dolu pano | C46: Dış pano | D46: Sol cephe | E46: SL8 | F46: 1255 | G46: 160 | H46: 2800 | J46: 8 | K46: 196.25 | L46: PANO_D_TAM_125.5_31
A47: D09 | B47: Dolu pano | C47: Dış pano | D47: Sol cephe | E47: SL7 | F47: 1255 | G47: 160 | H47: 2800 | J47: 8 | K47: 321.75 | L47: PANO_D_TAM_125.5_32
A48: D09 | B48: Dolu pano | C48: Dış pano | D48: Sol cephe | E48: SL6 | F48: 1255 | G48: 160 | H48: 2800 | J48: 8 | K48: 447.25 | L48: PANO_D_TAM_125.5_33
A49: D09 | B49: Dolu pano | C49: Dış pano | D49: Sol cephe | E49: SL5 | F49: 1255 | G49: 160 | H49: 2800 | J49: 8 | K49: 572.75 | L49: PANO_D_TAM_125.5_34
A50: D09 | B50: Dolu pano | C50: Dış pano | D50: Sol cephe | E50: SL4 | F50: 1255 | G50: 160 | H50: 2800 | J50: 8 | K50: 698.25 | L50: PANO_D_TAM_125.5_35
A51: D09 | B51: Dolu pano | C51: Dış pano | D51: Sol cephe | E51: SL3 | F51: 1255 | G51: 160 | H51: 2800 | J51: 8 | K51: 823.75 | L51: PANO_D_TAM_125.5_36
A52: D09 | B52: Dolu pano | C52: Dış pano | D52: Sol cephe | E52: SL2 | F52: 1255 | G52: 160 | H52: 2800 | J52: 8 | K52: 949.25 | L52: PANO_D_TAM_125.5_37
A53: D14 | B53: Özel dolu pano | C53: Dış pano | D53: Sol cephe | E53: SL1 | F53: 300 | G53: 160 | H53: 2800 | J53: 8 | K53: 1027 | L53: PANO_D_OZEL_30.0_38
A54: I18 | B54: Özel dolu pano | C54: İç pano | D54: İç duvar 4 (x = 518 cm, önden arkaya) | E54: İ4-1 | F54: 1175 | G54: 100 | H54: 2800 | J54: 518 | K54: 74.75 | L54: PANO_I_OZEL_117.5_39
A55: I14 | B55: Dolu pano | C55: İç pano | D55: İç duvar 4 (x = 518 cm, önden arkaya) | E55: İ4-2 | F55: 1255 | G55: 100 | H55: 2800 | J55: 518 | K55: 196.25 | L55: PANO_I_TAM_125.5_40
... A66: I18 | B66: Özel dolu pano | C66: İç pano | D66: İç duvar 7 (x = 957.25 cm, önden arkaya) | E66: İ7-1 | F66: 1175 | G66: 100 | H66: 2800 | J66: 957.25 | K66: 74.75 | L66: PANO_I_OZEL_117.5_51
A67: I15 | B67: İç kapılı pano | C67: İç pano | D67: İç duvar 7 (x = 957.25 cm, önden arkaya) | E67: İ7-2 | F67: 1255 | G67: 100 | H67: 2800 | I67: iç kapı 82 | J67: 957.25 | K67: 196.25 | L67: PANO_I_TAM_125.5_52
A68: K01 | B68: İç kapı | C68: Kapı | D68: İç duvar 7 (x = 957.25 cm, önden arkaya) | E68: İ7-2 | F68: 820 | I68: iç kapı 82 | J68: 957.25 | K68: 196.25
A69: I17 | B69: Özel dolu pano | C69: İç pano | D69: İç duvar 7 (x = 957.25 cm, önden arkaya) | E69: İ7-3 | F69: 627.5 | G69: 100 | H69: 2800 | J69: 957.25 | K69: 290.38 | L69: PANO_I_YARIM_62.8_53
A70: I14 | B70: Dolu pano | C70: İç pano | D70: İç duvar 7 (x = 957.25 cm, önden arkaya) | E70: İ7-4 | F70: 1255 | G70: 100 | H70: 2800 | J70: 957.25 | K70: 384.5 | L70: PANO_I_TAM_125.5_54
A71: I15 | B71: İç kapılı pano | C71: İç pano | D71: İç duvar 7 (x = 957.25 cm, önden arkaya) | E71: İ7-5 | F71: 1255 | G71: 100 | H71: 2800 | I71: iç kapı 82 | J71: 957.25 | K71: 510 | L71: PANO_I_TAM_125.5_55
A72: K01 | B72: İç kapı | C72: Kapı | D72: İç duvar 7 (x = 957.25 cm, önden arkaya) | E72: İ7-5 | F72: 820 | I72: iç kapı 82 | J72: 957.25 | K72: 510
A73: I16 | B73: Özel dolu pano | C73: İç pano | D73: İç duvar 7 (x = 957.25 cm, önden arkaya) | E73: İ7-6 | F73: 577.5 | G73: 100 | H73: 2800 | J73: 957.25 | K73: 601.62 | L73: PANO_I_OZEL_57.8_56
A74: D09 | B74: Dolu pano | C74: Dış pano | D74: Sağ cephe | E74: SĞ1 | F74: 1255 | G74: 160 | H74: 2800 | J74: 1142 | K74: 70.75 | L74: PANO_D_TAM_125.5_57
A75: D15 | B75: 60×40 vasistaslı pano | C75: Dış pano | D75: Sağ cephe | E75: SĞ2 | F75: 1255 | G75: 160 | H75: 2800 | I75: pencere 60×40 | J75: 1142 | K75: 196.25 | L75: PANO_D_TAM_125.5_58
A76: P03 | B76: Vasistas 60×40 | C76: Pencere | D76: Sağ cephe | E76: SĞ2 | F76: 600 | H76: 400 | I76: pencere 60×40 | J76: 1142 | K76: 196.25
A77: D09 | B77: Dolu pano | C77: Dış pano | D77: Sağ cephe | E77: SĞ3 | F77: 1255 | G77: 160 | H77: 2800 | J77: 1142 | K77: 321.75 | L77: PANO_D_TAM_125.5_59
A78: D09 | B78: Dolu pano | C78: Dış pano | D78: Sağ cephe | E78: SĞ4 | F78: 1255 | G78: 160 | H78: 2800 | J78: 1142 | K78: 447.25 | L78: PANO_D_TAM_125.5_60
A79: D15 | B79: 60×40 vasistaslı pano | C79: Dış pano | D79: Sağ cephe | E79: SĞ5 | F79: 1255 | G79: 160 | H79: 2800 | I79: pencere 60×40 | J79: 1142 | K79: 572.75 | L79: PANO_D_TAM_125.5_61
A80: P03 | B80: Vasistas 60×40 | C80: Pencere | D80: Sağ cephe | E80: SĞ5 | F80: 600 | H80: 400 | I80: pencere 60×40 | J80: 1142 | K80: 572.75
A81: D09 | B81: Dolu pano | C81: Dış pano | D81: Sağ cephe | E81: SĞ6 | F81: 1255 | G81: 160 | H81: 2800 | J81: 1142 | K81: 698.25 | L81: PANO_D_TAM_125.5_62
A82: D09 | B82: Dolu pano | C82: Dış pano | D82: Sağ cephe | E82: SĞ7 | F82: 1255 | G82: 160 | H82: 2800 | J82: 1142 | K82: 823.75 | L82: PANO_D_TAM_125.5_63
A83: D09 | B83: Dolu pano | C83: Dış pano | D83: Sağ cephe | E83: SĞ8 | F83: 1255 | G83: 160 | H83: 2800 | J83: 1142 | K83: 949.25 | L83: PANO_D_TAM_125.5_64
A84: D14 | B84: Özel dolu pano | C84: Dış pano | D84: Sağ cephe | E84: SĞ9 | F84: 300 | G84: 160 | H84: 2800 | J84: 1142 | K84: 1027 | L84: PANO_D_OZEL_30.0_65
A85: B06 | B85: 160×80 köşe bağlantısı | C85: Bağlantı | D85: Dış köşe | E85: K1 | F85: 160 | G85: 80 | H85: 2800 | J85: 1142 | K85: 1046
A86: B06 | B86: 160×80 köşe bağlantısı | C86: Bağlantı | D86: Dış köşe | E86: K2 | F86: 160 | G86: 80 | H86: 2800 | J86: 8 | K86: 4
A87: B02 | B87: 100×50 köşe bağlantısı | C87: Bağlantı | D87: İç köşe | E87: K3 | F87: 100 | G87: 50 | H87: 2800 | J87: 515.5 | K87: 635.5
A88: B06 | B88: 160×80 köşe bağlantısı | C88: Bağlantı | D88: Dış köşe | E88: K4 | F88: 160 | G88: 80 | H88: 2800 | J88: 8 | K88: 1046
A89: B06 | B89: 160×80 köşe bağlantısı | C89: Bağlantı | D89: Dış köşe | E89: K5 | F89: 160 | G89: 80 | H89: 2800 | J89: 1142 | K89: 4
A90: B02 | B90: 100×50 köşe bağlantısı | C90: Bağlantı | D90: İç köşe | E90: K6 | F90: 100 | G90: 50 | H90: 2800 | J90: 515.5 | K90: 447.25
A91: B05 | B91: Üçlü H bağlantı 100 | C91: Bağlantı | D91: İç duvar T birleşimi | E91: H1 | F91: 100 | H91: 2800 | J91: 957.25 | K91: 321.75
A92: B05 | B92: Üçlü H bağlantı 100 | C92: Bağlantı | D92: İç duvar T birleşimi | E92: H2 | F92: 100 | H92: 2800 | J92: 831.75 | K92: 635.5
A93: B05 | B93: Üçlü H bağlantı 100 | C93: Bağlantı | D93: İç duvar T birleşimi | E93: H3 | F93: 100 | H93: 2800 | J93: 957.25 | K93: 447.25
A94: B05 | B94: Üçlü H bağlantı 100 | C94: Bağlantı | D94: İç duvar T birleşimi | E94: H4 | F94: 100 | H94: 2800 | J94: 957.25 | K94: 635.5

Sheet Metraj
A1: TÜRETİLEN KALEMLER — kural, girdi ve formül
A2: Mavi: girdi (modelden ya da kuraldan). Siyah: formül. P6001 sütunu aynı formülü P6001'in girdileriyle hesaplar; yanındaki sütun P6001'in gerçek yükleme listesindeki adettir (60 m², İkranur Prefabrik; 21 Eylül 2026 analizi). Tutmayan kural kırmızı ✗ ile durur.
A4: Kalem | B4: Bu yapı | C4: P6001 (aynı formül) | D4: P6001 gerçek liste | E4: Tutuyor mu | F4: Kural ve kaynağı
A5: Girdiler · yapı
A6: Dış ölçü, genişlik (cm) | B6: 1150 | C6: 773 | F6: İş Emri: dış ölçü (Lokman, 6 Ekim 18:50). P6001: 6 pano × 125,5 + 20.
A7: Dış ölçü, derinlik (cm) | B7: 1050 | C7: 763 | F7: İş Emri: dış ölçü. P6001: 6 pano × 125,5 + 10.
A8: Makas açıklığı (cm) | B8: 1050 | C8: 773 | F8: Makaslar kısa kenarı geçer (Lokman, 20–21 Eylül). Bu yapıda derinlik; P6001'de genişlik.
A9: Mahya boyunca bina boyu (cm) | B9: 1150 | C9: 763 | F9: Makas açıklığına dik kenar.
A10: Saçak (cm) | B10: 30 | C10: 30 | F10: P6001 çizim kuralı: saçak 30 cm.
A11: Çatı eğimi | B11: 0.33 | C11: 0.33 | F11: P6001 çizim kuralı: %33.
A12: Girdiler · modelden sayılanlar
A13: Dış pano adedi | B13: =COUNTIF(Sayım!$C$5:$C$94,"Dış pano") -> 36 | C13: 25 | F13: Sayım sayfasından.
A14: Dış duvar koşusu (kesintisiz duvar) | B14: 4 | C14: 6 | F14: Plandan: dört cephe. P6001'de veranda girintisiyle 6.
A15: İç pano adedi | B15: =COUNTIF(Sayım!$C$5:$C$94,"İç pano") -> 30 | C15: 11 | F15: Sayım sayfasından.
A16: İç duvar koşusu | B16: 7 | C16: 4 | F16: Plandan.
A17: Üçlü H (iç–iç T birleşimi) | B17: =COUNTIFS(Sayım!$C$5:$C$94,"Bağlantı",Sayım!$D$5:$D$94,"İç duvar T birleşimi") -> 4 | C17: 2 | F17: Sayım sayfasından.
A18: Dış pano boyları toplamı (m) | B18: =SUMIFS(Sayım!$F$5:$F$94,Sayım!$C$5:$C$94,"Dış pano")/1000 -> 43.04 | C18: 30.02 | F18: Sayım sayfasından.
A19: İç pano boyları toplamı (m) | B19: =SUMIFS(Sayım!$F$5:$F$94,Sayım!$C$5:$C$94,"İç pano")/1000 -> 30.4975 | C19: 11.155 | F19: Sayım sayfasından.
A20: Mahya boyunca pano aksı sayısı | B20: 10 | C20: 7 | F20: Mahyaya paralel dış duvarın pano adedi + 1.
A21: 120×180 pencere adedi | B21: =COUNTIF(Sayım!$A$5:$A$94,"P02") -> 3 | C21: 2 | F21: Sayım sayfasından.
A22: Girdiler · kural katsayıları
A23: Alt çerçeve parça boyu (m) | B23: 3.75 | C23: 3.75 | F23: P6001 gerçek listesi: 100'lük ve 60'lık alt çerçeve L 3750.
A24: Çatı kaplamasının kapatma genişliği (m) | B24: 1 | C24: 0.87 | F24: Lokman, 4 Ekim 15:18: tek kat panel 100 cm kapatır. 2021 ürününde 87 cm.
A25: Kaplamanın saçaktan taşması (m) | B25: 0.05 | C25: 0.05 | F25: Mühendis, 4 Ekim 12:14: kaplama saçaktan 5 cm taşar.
A26: Sac parçasının bindirmeden sonraki boyu (m) | B26: 2.5 | C26: 2.5 | F26: Lokman, 3 Ekim 13:27: saçak, mahya ve alın sacında bindirme 30 cm; L 2800 parçada uzunluk ÷ 2,5.
A27: Aşık aralığı (m) | B27: 0.6 | C27: 0.6 | F27: Montaj paftası notu: aşıklar 60 cm aralıklı.
A28: Aşık parça boyu (m) | B28: 3.75 | C28: 3.75 | F28: P6001 gerçek listesi: omega aşık L 3750. (Çelik listelerinde L 4200.)
A29: Aşık zayiatı | B29: 0.05 | C29: 0.05 | F29: Gerçek listelere uydurulan pay; teyit bekliyor.
A30: Alçıpan levhası (m²) | B30: 3 | C30: 3 | F30: 1,2 × 2,5 m.
A31: Şilte (m²/adet) | B31: 9.6 | C31: 9.6 | F31: Çelik listeleri: çatı şiltesi 9,6 m²/adet.
A32: Dere parçasının bindirmeden sonraki boyu (m) | B32: 3.8 | C32: 3.8 | F32: Excel hesaplama motoru (CTKBF): L 4000 − 20 cm bindirme.
A33: Bağlantı profilleri
A34: 2'li H, dış pano ekleri | B34: =B13-B14 -> 32 | C34: =C13-C14 -> 19 | D34: 19 | E34: =IF(C34=D34,"✓","✗") -> ✓ | F34: Her koşuda pano adedi − 1 ek. P6001 gerçek listesi: H 100 = 19.
A35: 2'li H, iç pano ekleri | B35: =B15-B16-B17 -> 19 | C35: =C15-C16-C17 -> 5 | D35: 5 | E35: =IF(C35=D35,"✓","✗") -> ✓ | F35: İç ekler − üçlü H'nin yerini aldığı ekler. P6001 gerçek listesi: H 60 = 5.
A36: Alt çerçeve, dış duvar (adet) | B36: =ROUNDUP(B18/B23,0) -> 12 | C36: =ROUNDUP(C18/C23,0) -> 9 | D36: 9 | E36: =IF(C36=D36,"✓","✗") -> ✓ | F36: Dış pano boyları toplamı ÷ parça boyu, yukarı yuvarlanır. Kapı boşluğu düşülmez (P6001 listesine göre).
A37: Alt çerçeve, iç duvar (adet) | B37: =ROUNDUP(B19/B23,0) -> 9 | C37: =ROUNDUP(C19/C23,0) -> 3 | D37: 3 | E37: =IF(C37=D37,"✓","✗") -> ✓ | F37: İç pano boyları toplamı ÷ parça boyu.
A38: Pencere kör kasası 120/180 | B38: =B21 -> 3 | C38: =C21 -> 2 | D38: 2 | E38: =IF(C38=D38,"✓","✗") -> ✓ | F38: P6001 gerçek listesi: yalnız 120/180 pencerelerde kör kasa (2 pencere, 2 kasa). Teyit bekliyor.
A39: Çatı (beşik)
A40: Baş makas | B40: =2 -> 2 | C40: =2 -> 2 | D40: 2 | E40: =IF(C40=D40,"✓","✗") -> ✓ | F40: İki kalkan duvarın üstünde.
A41: Orta makas | B41: =B20-2 -> 8 | C41: =C20-2 -> 5 | D41: 5 | E41: =IF(C41=D41,"✓","✗") -> ✓ | F41: Makaslar pano akslarında. P6001 gerçek listesi: 6 pano boyunca 2 baş + 5 orta.
A42: Eğimli boy, mahyadan saçak ucuna (m) | B42: =(B8/2+B10)/100*SQRT(1+B11^2) -> 5.8443898 | C42: =(C8/2+C10)/100*SQRT(1+C11^2) -> 4.385925 | E42: — | F42: Geometri.
A43: Mahya boyu (m) | B43: =(B9+2*B10)/100 -> 12.1 | C43: =(C9+2*C10)/100 -> 8.23 | E43: — | F43: Bina boyu + iki uçta saçak.
A44: Çatı yüzeyi (m²) | B44: =2*B42*B43 -> 141.43423 | C44: =2*C42*C43 -> 72.192325 | E44: — | F44: İki yüz. IFC modelindeki örtü alanıyla aynı olmalı.
A45: Çatı kaplaması, tek kat panel (adet) | B45: =2*ROUNDUP(B43/B24,0) -> 26 | C45: =2*ROUNDUP(C43/C24,0) -> 20 | D45: 20 | E45: =IF(C45=D45,"✓","✗") -> ✓ | F45: Her yüzde mahya boyu ÷ kapatma genişliği. P6001 gerçek listesi: 20 adet.
A46: Kaplama boyu (m) | B46: =B42+B25 -> 5.8943898 | C46: =C42+C25 -> 4.435925 | E46: — | F46: Eğimli boy + taşma. P6001 gerçek listesinde L 4350 (bu formül 4,44 verir; liste 9 cm kısa).
A47: Mahya parçası L 2800 (adet) | B47: =ROUNDUP(B43/B26,0) -> 5 | C47: =ROUNDUP(C43/C26,0) -> 4 | D47: 3 | E47: =IF(C47=D47,"✓","✗") -> ✗ | F47: Mahya boyu ÷ 2,5. P6001 gerçek listesinde 3: bindirmesiz hesapla (8,23 ÷ 2,8) tutuyor, 30 cm bindirmeyle tutmuyor.
A48: Saçak sacı L 2800 (adet) | B48: =ROUNDUP(2*B43/B26,0) -> 10 | C48: =ROUNDUP(2*C43/C26,0) -> 7 | D48: 7 | E48: =IF(C48=D48,"✓","✗") -> ✓ | F48: İki saçak kenarı ÷ 2,5. P6001 gerçek listesi: 7.
A49: Alın sacı L 2800 (adet) | B49: =ROUNDUP(4*B42/B26,0) -> 10 | C49: =ROUNDUP(4*C42/C26,0) -> 8 | D49: 8 | E49: =IF(C49=D49,"✓","✗") -> ✓ | F49: Dört kalkan kenarı ÷ 2,5. P6001 gerçek listesi: 8.
A50: Aşık sırası, yüz başına | B50: =ROUNDDOWN(B42/B27,0)+1 -> 10 | C50: =ROUNDDOWN(C42/C27,0)+1 -> 8 | E50: — | F50: Eğimli boy ÷ aralık + 1.
A51: Omega aşık (adet) | B51: =ROUNDUP(2*B50*B43*(1+B29)/B28,0) -> 68 | C51: =ROUNDUP(2*C50*C43*(1+C29)/C28,0) -> 37 | D51: 37 | E51: =IF(C51=D51,"✓","✗") -> ✓ | F51: İki yüz × sıra × mahya boyu × (1 + zayiat) ÷ parça boyu. P6001 gerçek listesi: 37.
A52: Tavan ve izolasyon
A53: Brüt alan (m²) | B53: =B6*B7/10000 -> 120.75 | C53: =C6*C7/10000 -> 58.9799 | E53: — | F53: Dış ölçülerden.
A54: Tavan alçıpanı (adet) | B54: =ROUNDUP(B53/B30,0) -> 41 | C54: =ROUNDUP(C53/C30,0) -> 20 | D54: 20 | E54: =IF(C54=D54,"✓","✗") -> ✓ | F54: Brüt alan ÷ levha alanı. P6001 gerçek listesi: 15 beyaz + 5 yeşil = 20. Beyaz–yeşil ayrımının kuralı yok.
A55: Çatı şiltesi (adet) | B55: =ROUNDUP(B53/B31,0) -> 13 | C55: =ROUNDUP(C53/C31,0) -> 7 | D55: 7 | E55: =IF(C55=D55,"✓","✗") -> ✓ | F55: Brüt alan ÷ 9,6. P6001 gerçek listesi: 7.
A56: Dere (çelik listelerinin kuralıyla; prefabrik listede sağlaması yok)
A57: Metal dere L 4000 (adet) | B57: =ROUNDUP(2*B43/B32,0) -> 7 | C57: =ROUNDUP(2*C43/C32,0) -> 5 | E57: — | F57: İki saçak kenarı ÷ 3,8 (Excel hesaplama motoru; üç gerçek çelik listede tutuyor).
A58: Dere inişi (adet) | B58: =4+IF(B43>=10,2,0) -> 6 | C58: =4+IF(C43>=10,2,0) -> 4 | E58: — | F58: Lokman, 3 Ekim 13:27: her köşeye bir iniş; 10 m ve daha uzun cephenin ortasına bir tane daha.
A59: Dere kelepçesi (adet) | B59: =B57*8 -> 56 | C59: =C57*8 -> 40 | E59: — | F59: Excel hesaplama motoru: dere adedi × 8.
A60: Açık dirsek (adet) | B60: =B58*2 -> 12 | C60: =C58*2 -> 8 | E60: — | F60: Excel hesaplama motoru: iniş başına 2.
A61: İniş kelepçesi (adet) | B61: =B58*2 -> 12 | C61: =C58*2 -> 8 | E61: — | F61: Excel hesaplama motoru: iniş başına 2.

Sheet Açık konular
A1: AÇIK KONULAR — listeye girmeyenler ve teyit bekleyenler
A3: No | B3: Konu | C3: Bu yapıda durum | D3: P6001 gerçek listesinde (60 m²) | E3: Gereken
A4: 1 | B4: Dar kalan son parça | C4: Arkada 30 cm dış pano (2 adet), arka yatak odalarının duvarlarında 22 cm iç pano (2 adet). | D4: Yok (tam modül). | E4: Böyle mi üretilecek, bir önceki panoyla mı paylaştırılacak? En az pano boyu.
A5: 2 | B5: 160 mm dış ve 100 mm iç duvarın bağlantı profilleri | C5: Köşe 160×80, iç köşe 100×50, üçlü H 100, 2'li H'lar: kesitler çıkarım. | D5: Köşe direği 100×100 ×6, 60×60 ×1; H 100 ×19; H 60 ×5; 3'lü H 60 ×2. | E5: Mühendisten profil listesi ve kesim boyları.
A6: 3 | B6: Dış–iç üçlü H (iç duvarın dış duvara dayandığı yer) | C6: 6 birleşim: 3'ü dış pano ekinde, 3'ü pano ortasında. Listeye yazılmadı. | D6: 3'lü H 100×100×60 ×2 (kulaklı 1 + dübelli 1). | E6: Pano ortasına gelen birleşim nasıl bağlanıyor?
A7: 4 | B7: Kulaklı / dübelli H ayrımı | C7: Ayrılmadı; 2'li H tek kalem. | D7: H 100: 8 kulaklı + 11 dübelli. | E7: Hangi eklerde kulaklı?
A8: 5 | B8: Çektirme U'su | C8: Listeye yazılmadı. | D8: 100'lük ×5, 60'lık ×3 (L 2440). | E8: Nerede sayılır?
A9: 6 | B9: Duvar omegası ve saçak omegası | C9: Listeye yazılmadı. | D9: 100'lük duvar omegası ×3, 60'lık ×15, saçak omegası ×7. | E9: Neyi taşıyor, nasıl sayılır?
A10: 7 | B10: Pencere U'su | C10: Listeye yazılmadı. | D10: ×6 (5 pencere). | E10: Pencere başına kural.
A11: 8 | B11: Tavan H'ı; alçıpanda beyaz–yeşil ayrımı | C11: Alçıpan toplam adet verildi; H ve ayrım yok. | D11: Tavan H'ı 1185 ×70; alçıpan 15 beyaz + 5 yeşil. | E11: H adedi kuralı; yeşil levha hangi mahallerde?
A12: 9 | B12: Makas boyu ve kesiti | C12: Adet verildi (2 baş + 8 orta); boy yazılmadı. | D12: Baş ve orta makas L 8230 (açıklık 7730). | E12: 10,50 m açıklık için makas ölçüsü ve statik.
A13: 10 | B13: Mahya bindirmesi | C13: 30 cm bindirmeyle 5 adet. | D13: 3 adet (bindirmesiz hesapla tutuyor). | E13: Prefabrikte mahya bindirmesi kaç cm?
A14: 11 | B14: Pencereli panonun yazılışı | C14: Tek pano + ayrı doğrama (Astra listesindeki gibi). | D14: Üst panel + alt panel + oyma panel ayrı kalemler. | E14: Üretim listesi hangi biçimi istiyor?
A15: 12 | B15: Vida, elektrik, sıhhi tesisat, boya | C15: Listeye yazılmadı. | D15: Dört ayrı grup. | E15: Çelik listelerindeki kurallar prefabrikte de geçerli mi?
A16: 13 | B16: Pencere ölçüleri | C16: El çizimindeki 240/240, 150/240, 100/240, 180/120, 60/60 standart ölçülere çevrildi. | D16: — | E16: Standart mı, özel doğrama mı?
